Workbook

Sheet Dashboard
A1: Customer Call List Dashboard
A3: Total Customers | C3: Paying Customers | E3: Do Not Contact | G3: Callable Customers | I3: Missing Phone
A4: =COUNTA('Cleaned Data'!A2:A100) -> 20 | C4: =COUNTIF('Cleaned Data'!F2:F100,"Yes") -> 13 | E4: =COUNTIF('Cleaned Data'!G2:G100,"Yes") -> 4 | G4: =COUNTA('Callable List'!A2:A100) -> 7 | I4: =COUNTBLANK('Cleaned Data'!D2:D21) -> 4
A7: Paying Status | B7: Customers | E7: Do Not Contact | F7: Customers | I7: Missing Data | J7: Records
A8: Yes | B8: =COUNTIF('Cleaned Data'!F2:F100,"Yes") -> 13 | E8: Yes | F8: =COUNTIF('Cleaned Data'!G2:G100,"Yes") -> 4 | I8: Phone | J8: =COUNTBLANK('Cleaned Data'!D2:D21) -> 4
A9: No | B9: =COUNTIF('Cleaned Data'!F2:F100,"No") -> 6 | E9: No | F9: =COUNTIF('Cleaned Data'!G2:G100,"No") -> 12 | I9: Last Name | J9: =COUNTBLANK('Cleaned Data'!C2:C21) -> 1
A10: Unknown | B10: =COUNTIF('Cleaned Data'!F2:F100,"Unknown") -> 1 | E10: Unknown | F10: =COUNTIF('Cleaned Data'!G2:G100,"Unknown") -> 4 | I10: Address | J10: =COUNTBLANK('Cleaned Data'!E2:E21) -> 1
A28: Source: Cleaned Data sheet. Callable = paying, Do Not Contact = No, phone present.

Sheet Summary
A1: Metric | B1: Count
A2: Total customers | B2: =COUNTA('Cleaned Data'!A2:A100) -> 20
A3: Paying customers | B3: =COUNTIF('Cleaned Data'!F2:F100,"Yes") -> 13
A4: Non-paying customers | B4: =COUNTIF('Cleaned Data'!F2:F100,"No") -> 6
A5: Paying status unknown | B5: =COUNTIF('Cleaned Data'!F2:F100,"Unknown") -> 1
A6: Do Not Contact = Yes | B6: =COUNTIF('Cleaned Data'!G2:G100,"Yes") -> 4
A7: Do Not Contact = Unknown | B7: =COUNTIF('Cleaned Data'!G2:G100,"Unknown") -> 4
A8: Missing phone number | B8: =COUNTBLANK('Cleaned Data'!D2:D21) -> 4
A9: Callable (paying, not DNC, has phone) | B9: =COUNTA('Callable List'!A2:A100) -> 7
A11: Callable = Paying Customer Yes, Do_Not_Contact No, phone present. Unknown DNC excluded until verified.

Sheet Pivot Analysis
A1: Paying Customer \ Do Not Contact | B1: Yes | C1: No | D1: Unknown | E1: Total
A2: Yes | B2: =COUNTIFS('Cleaned Data'!$F$2:$F$100,$A2,'Cleaned Data'!$G$2:$G$100,B$1) -> 2 | C2: =COUNTIFS('Cleaned Data'!$F$2:$F$100,$A2,'Cleaned Data'!$G$2:$G$100,C$1) -> 8 | D2: =COUNTIFS('Cleaned Data'!$F$2:$F$100,$A2,'Cleaned Data'!$G$2:$G$100,D$1) -> 3 | E2: =SUM(B2:D2) -> 13
A3: No | B3: =COUNTIFS('Cleaned Data'!$F$2:$F$100,$A3,'Cleaned Data'!$G$2:$G$100,B$1) -> 1 | C3: =COUNTIFS('Cleaned Data'!$F$2:$F$100,$A3,'Cleaned Data'!$G$2:$G$100,C$1) -> 4 | D3: =COUNTIFS('Cleaned Data'!$F$2:$F$100,$A3,'Cleaned Data'!$G$2:$G$100,D$1) -> 1 | E3: =SUM(B3:D3) -> 6
A4: Unknown | B4: =COUNTIFS('Cleaned Data'!$F$2:$F$100,$A4,'Cleaned Data'!$G$2:$G$100,B$1) -> 1 | C4: =COUNTIFS('Cleaned Data'!$F$2:$F$100,$A4,'Cleaned Data'!$G$2:$G$100,C$1) -> 0 | D4: =COUNTIFS('Cleaned Data'!$F$2:$F$100,$A4,'Cleaned Data'!$G$2:$G$100,D$1) -> 0 | E4: =SUM(B4:D4) -> 1
A5: Total | B5: =SUM(B2:B4) -> 4 | C5: =SUM(C2:C4) -> 12 | D5: =SUM(D2:D4) -> 4 | E5: =SUM(E2:E4) -> 20

Sheet Cleaned Data
A1: CustomerID | B1: First_Name | C1: Last_Name | D1: Phone_Number | E1: Address | F1: Paying Customer | G1: Do_Not_Contact
A2: 1001 | B2: Frodo | C2: Baggins | D2: 123-545-5421 | E2: 123 Shire Lane, Shire | F2: Yes | G2: No
A3: 1002 | B3: Abed | C3: Nadir | D3: 123-643-9775 | E3: 93 West Main Street | F3: No | G3: Yes
A4: 1003 | B4: Walter | C4: White | D4: 706-695-0392 | E4: 298 Drugs Driveway | F4: No | G4: Unknown
A5: 1004 | B5: Dwight | C5: Schrute | D5: 123-543-2345 | E5: 980 Paper Avenue, Pennsylvania, 18503 | F5: Yes | G5: Yes
A6: 1005 | B6: Jon | C6: Snow | D6: 876-678-3469 | E6: 123 Dragons Road | F6: Yes | G6: No
A7: 1006 | B7: Ron | C7: Swanson | D7: 304-762-2467 | E7: 768 City Parkway | F7: Yes | G7: Yes
A8: 1007 | B8: Jeff | C8: Winger | E8: 1209 South Street | F8: No | G8: No
A9: 1008 | B9: Sherlock | C9: Holmes | D9: 876-678-3469 | E9: 98 Clue Drive | F9: No | G9: No
A10: 1009 | B10: Gandalf | E10: 123 Middle Earth | F10: Yes | G10: Unknown
A11: 1010 | B11: Peter | C11: Parker | D11: 123-545-5421 | E11: 25th Main Street, New York | F11: Yes | G11: No
A12: 1011 | B12: Samwise | C12: Gamgee | E12: 612 Shire Lane, Shire | F12: Yes | G12: No
A13: 1012 | B13: Harry | C13: Potter | D13: 706-695-0392 | E13: 2394 Hogwarts Avenue | F13: Yes | G13: Unknown
A14: 1013 | B14: Don | C14: Draper | D14: 123-543-2345 | E14: 2039 Main Street | F14: Yes | G14: No
A15: 1014 | B15: Leslie | C15: Knope | D15: 876-678-3469 | E15: 343 City Parkway | F15: Yes | G15: No
A16: 1015 | B16: Toby | C16: Flenderson | D16: 304-762-2467 | E16: 214 HR Avenue | F16: No | G16: No
A17: 1016 | B17: Ron | C17: Weasley | D17: 123-545-5421 | E17: 2395 Hogwarts Avenue | F17: No | G17: No
A18: 1017 | B18: Michael | C18: Scott | D18: 123-643-9775 | E18: 121 Paper Avenue, Pennsylvania | F18: Yes | G18: No
A19: 1018 | B19: Clark | C19: Kent | D19: 706-695-0392 | E19: 3498 Super Lane | F19: Yes | G19: Unknown
A20: 1019 | B20: Creed | C20: Braton | F20: Unknown | G20: Yes
A21: 1020 | B21: Anakin | C21: Skywalker | D21: 876-678-3469 | E21: 910 Tatooine Road, Tatooine | F21: Yes | G21: No

Sheet Cleaning Log
A1: Issue | B1: Count | C1: Fix
A2: Duplicate rows removed | B2: 1 | C2: Removed exact duplicate (CustomerID 1020)
A3: Column removed | B3: 1 | C3: Dropped Not_Useful_Column
A4: Names fixed (extra spaces, stray / . _ characters) | B4: 5 | C4: Trimmed and removed junk characters
A5: Phone numbers standardized | B5: 11 | C5: Format XXX-XXX-XXXX; missing/N/a left blank
A6: Missing addresses blanked | B6: 1 | C6: N/a replaced with blank
A7: Yes/No columns standardized | B7: 2 | C7: Y/N/Yes/No -> Yes/No; blank or N/a -> Unknown

Sheet Callable List
A1: CustomerID | B1: First_Name | C1: Last_Name | D1: Phone_Number | E1: Address | F1: Paying Customer | G1: Do_Not_Contact
A2: 1001 | B2: Frodo | C2: Baggins | D2: 123-545-5421 | E2: 123 Shire Lane, Shire | F2: Yes | G2: No
A3: 1005 | B3: Jon | C3: Snow | D3: 876-678-3469 | E3: 123 Dragons Road | F3: Yes | G3: No
A4: 1010 | B4: Peter | C4: Parker | D4: 123-545-5421 | E4: 25th Main Street, New York | F4: Yes | G4: No
A5: 1013 | B5: Don | C5: Draper | D5: 123-543-2345 | E5: 2039 Main Street | F5: Yes | G5: No
A6: 1014 | B6: Leslie | C6: Knope | D6: 876-678-3469 | E6: 343 City Parkway | F6: Yes | G6: No
A7: 1017 | B7: Michael | C7: Scott | D7: 123-643-9775 | E7: 121 Paper Avenue, Pennsylvania | F7: Yes | G7: No
A8: 1020 | B8: Anakin | C8: Skywalker | D8: 876-678-3469 | E8: 910 Tatooine Road, Tatooine | F8: Yes | G8: No
